State,District,Confirmed,Active,Recovered,Deceased,Migrated_Other,Delta_Confirmed,Delta_Active,Delta_Recovered,Delta_Deceased,District_Notes,Last_Updated
State Unassigned,Unassigned,0,0,0,0,0,0,0,0,0,,
Andaman and Nicobar Islands,Nicobars,0,0,0,0,0,0,0,0,0,District-wise numbers are out-dated as cumulative counts for each district are not reported in bulletin,
Andaman and Nicobar Islands,North and Middle Andaman,1,0,1,0,0,0,0,0,0,District-wise numbers are out-dated as cumulative counts for each district are not reported in bulletin,
Andaman and Nicobar Islands,South Andaman,51,19,32,0,0,0,0,0,0,District-wise numbers are out-dated as cumulative counts for each district are not reported in bulletin,
Andhra Pradesh,Foreign Evacuees,434,0,434,0,0,0,0,0,0,,
Andhra Pradesh,Anantapur,157843,51,156699,1093,0,0,0,0,0,,
Andhra Pradesh,Chittoor,246935,844,244144,1947,0,0,0,0,0,,
Andhra Pradesh,East Godavari,293836,936,291610,1290,0,0,0,0,0,,
Andhra Pradesh,Guntur,178068,202,176629,1237,0,0,0,0,0,,
Andhra Pradesh,Krishna,119348,788,117130,1430,0,0,0,0,0,,
Andhra Pradesh,Kurnool,124142,25,123264,853,0,0,0,0,0,,
Andhra Pradesh,Other State,2461,0,2461,0,0,0,0,0,0,,
Andhra Pradesh,Prakasam,138482,369,136989,1124,0,0,0,0,0,,
Andhra Pradesh,S.P.S. Nellore,146388,416,144919,1053,0,0,0,0,0,,
Andhra Pradesh,Srikakulam,123109,187,122136,786,0,0,0,0,0,,
Andhra Pradesh,Visakhapatnam,157737,118,156492,1127,0,0,0,0,0,,
Andhra Pradesh,Vizianagaram,82967,64,82231,672,0,0,0,0,0,,
Andhra Pradesh,West Godavari,179077,280,177680,1117,0,0,0,0,0,,
Andhra Pradesh,Y.S.R. Kadapa,115623,75,114904,644,0,0,0,0,0,,
Arunachal Pradesh,Anjaw,1068,0,1065,3,0,0,0,0,0,,
Arunachal Pradesh,Changlang,3807,5,3780,22,0,0,0,0,0,,
Arunachal Pradesh,East Kameng,1094,0,1094,0,0,0,0,0,0,,
Arunachal Pradesh,East Siang,3206,6,3183,17,0,0,0,0,0,,
Arunachal Pradesh,Kamle,512,0,512,0,0,0,0,0,0,,
Arunachal Pradesh,Kra Daadi,270,0,270,0,0,0,0,0,0,,
Arunachal Pradesh,Kurung Kumey,511,0,510,1,0,0,0,0,0,,
Arunachal Pradesh,Lepa Rada,874,0,871,3,0,0,0,0,0,,
Arunachal Pradesh,Lohit,2885,8,2851,26,0,0,0,0,0,,
Arunachal Pradesh,Longding,752,1,749,2,0,0,0,0,0,,
Arunachal Pradesh,Lower Dibang Valley,2426,18,2397,11,0,0,0,0,0,,
Arunachal Pradesh,Lower Siang,738,0,730,8,0,0,0,0,0,,
Arunachal Pradesh,Lower Subansiri,3036,6,3015,15,0,0,0,0,0,,
Arunachal Pradesh,Namsai,2124,5,2102,17,0,0,0,0,0,,
Arunachal Pradesh,Pakke Kessang,453,0,453,0,0,0,0,0,0,,
Arunachal Pradesh,Papum Pare,18316,6,18212,98,0,0,0,0,0,,
Arunachal Pradesh,Shi Yomi,262,1,261,0,0,0,0,0,0,,
Arunachal Pradesh,Siang,411,0,408,3,0,0,0,0,0,,
Arunachal Pradesh,Tawang,2577,24,2533,20,0,0,0,0,0,,
Arunachal Pradesh,Tirap,1109,2,1102,5,0,0,0,0,0,,
Arunachal Pradesh,Upper Dibang Valley,337,0,335,2,0,0,0,0,0,,
Arunachal Pradesh,Upper Siang,1016,0,1015,1,0,0,0,0,0,,
Arunachal Pradesh,Upper Subansiri,1958,0,1952,6,0,0,0,0,0,,
Arunachal Pradesh,West Kameng,3545,13,3518,14,0,0,0,0,0,,
Arunachal Pradesh,West Siang,1868,6,1856,6,0,0,0,0,0,,
Assam,Airport Quarantine,13,0,13,0,0,0,0,0,0,,
Assam,Baksa,6411,5900,447,64,0,0,0,0,0,,
Assam,Barpeta,13451,12250,1024,177,0,0,0,0,0,,
Assam,Biswanath,9289,8854,379,56,0,0,0,0,0,,
Assam,Bongaigaon,6407,5500,834,73,0,0,0,0,0,,
Assam,Cachar,24471,22772,1498,201,0,0,0,0,0,,
Assam,Charaideo,3726,3566,105,55,0,0,0,0,0,,
Assam,Chirang,2729,2471,219,39,0,0,0,0,0,,
Assam,Darrang,11268,9427,1730,111,0,0,0,0,0,,
Assam,Dhemaji,7778,7293,440,45,0,0,0,0,0,,
Assam,Dhubri,8012,6743,1215,54,0,0,0,0,0,,
Assam,Dibrugarh,34200,31398,2409,393,0,0,0,0,0,,
Assam,Dima Hasao,3556,3341,199,16,0,0,0,0,0,,
Assam,Goalpara,10937,38,568,88,0,0,0,0,0,,
Assam,Golaghat,23902,21986,1656,260,0,0,0,0,0,,
Assam,Hailakandi,6145,4995,1116,34,0,0,0,0,0,,
Assam,Hojai,7448,6173,1160,115,0,0,0,0,0,,
Assam,Jorhat,25468,23394,1752,322,0,0,0,0,0,,
Assam,Kamrup,32751,30409,2074,268,0,0,0,0,0,,
Assam,Kamrup Metropolitan,110571,94335,15370,866,0,0,0,0,0,,
Assam,Karbi Anglong,7276,6607,552,117,0,0,0,0,0,,
Assam,Karimganj,7990,6941,955,94,0,0,0,0,0,,
Assam,Kokrajhar,5564,5146,353,65,0,0,0,0,0,,
Assam,Lakhimpur,15624,14373,1135,116,0,0,0,0,0,,
Assam,Majuli,2010,1917,80,13,0,0,0,0,0,,
Assam,Morigaon,13607,12974,557,76,0,0,0,0,0,,
Assam,Nagaon,24689,21973,2506,210,0,0,0,0,0,,
Assam,Nalbari,10851,9903,828,120,0,0,0,0,0,,
Assam,Other State,192,191,1,0,0,0,0,0,0,,
Assam,Sivasagar,11356,10704,473,179,0,0,0,0,0,,
Assam,Sonitpur,21252,19289,1727,236,0,0,0,0,0,,
Assam,South Salmara Mankachar,1848,1784,47,17,0,0,0,0,0,,
Assam,Tinsukia,19936,17884,1798,254,0,0,0,0,0,,
Assam,Udalguri,5854,5109,666,79,0,0,0,0,0,,
Assam,West Karbi Anglong,1374,1331,37,6,0,0,0,0,0,,
Bihar,Araria,14978,3,14859,116,0,0,0,0,0,,
Bihar,Arwal,7381,0,7307,74,0,0,0,0,0,,
Bihar,Aurangabad,20011,0,19936,75,0,0,0,0,0,,
Bihar,Banka,7379,0,7267,112,0,0,0,0,0,,
Bihar,Begusarai,27212,1,26754,457,0,0,0,0,0,,
Bihar,Bhagalpur,25840,0,25531,309,0,0,0,0,0,,
Bihar,Bhojpur,10210,0,10051,159,0,0,0,0,0,,
Bihar,Buxar,9248,0,9066,182,0,0,0,0,0,,
Bihar,Darbhanga,10937,0,10567,370,0,0,0,0,0,,
Bihar,East Champaran,19017,2,18585,430,0,0,0,0,0,,
Bihar,Gaya,33952,0,33672,280,0,0,0,0,0,,
Bihar,Gopalganj,16685,0,16591,94,0,0,0,0,0,,
Bihar,Jamui,9418,0,9312,106,0,0,0,0,0,,
Bihar,Jehanabad,10783,0,10674,109,0,0,0,0,0,,
Bihar,Kaimur,4984,0,4837,147,0,0,0,0,0,,
Bihar,Katihar,18145,0,18051,94,0,0,0,0,0,,
Bihar,Khagaria,10064,0,9976,88,0,0,0,0,0,,
Bihar,Kishanganj,10128,5,10057,66,0,0,0,0,0,,
Bihar,Lakhisarai,7776,0,7674,102,0,0,0,0,0,,
Bihar,Madhepura,12547,1,12435,111,0,0,0,0,0,,
Bihar,Madhubani,18365,3,18023,339,0,0,0,0,0,,
Bihar,Munger,15111,0,14953,158,0,0,0,0,0,,
Bihar,Muzaffarpur,31398,0,30777,621,0,0,0,0,0,,
Bihar,Nalanda,23432,0,22964,468,0,0,0,0,0,,
Bihar,Nawada,10353,1,10174,178,0,0,0,0,0,,
Bihar,Patna,147007,22,144651,2334,0,0,0,0,0,,
Bihar,Purnia,24427,0,24247,180,0,0,0,0,0,,
Bihar,Rohtas,13980,2,13707,271,0,0,0,0,0,,
Bihar,Saharsa,17616,0,17482,134,0,0,0,0,0,,
Bihar,Samastipur,20020,1,19864,155,0,0,0,0,0,,
Bihar,Saran,23278,3,23020,255,0,0,0,0,0,,
Bihar,Sheikhpura,7693,0,7618,75,0,0,0,0,0,,
Bihar,Sheohar,4404,0,4368,36,0,0,0,0,0,,
Bihar,Sitamarhi,9185,0,9058,127,0,0,0,0,0,,
Bihar,Siwan,15195,0,15025,170,0,0,0,0,0,,
Bihar,Supaul,17222,0,17093,129,0,0,0,0,0,,
Bihar,Vaishali,19827,2,19632,192,1,0,0,0,0,,
Bihar,West Champaran,20890,0,20532,358,0,0,0,0,0,,
Chandigarh,Chandigarh,65351,36,64495,820,0,0,0,0,0,,
Chhattisgarh,Other State,805,8,666,131,0,0,0,0,0,,
Chhattisgarh,Balod,27278,2,26880,396,0,0,0,0,0,,
Chhattisgarh,Baloda Bazar,43085,3,42611,471,0,0,0,0,0,,
Chhattisgarh,Balrampur,20302,2,20182,118,0,0,0,0,0,,
Chhattisgarh,Bametara,19963,1,19726,236,0,0,0,0,0,,
Chhattisgarh,Bastar,21066,33,20845,188,0,0,0,0,0,,
Chhattisgarh,Bijapur,8324,6,8263,55,0,0,0,0,0,,
Chhattisgarh,Bilaspur,65681,23,64448,1210,0,0,0,0,0,,
Chhattisgarh,Dakshin Bastar Dantewada,10840,6,10809,25,0,0,0,0,0,,
Chhattisgarh,Dhamtari,27239,4,26690,545,0,0,0,0,0,,
Chhattisgarh,Durg,96880,54,95028,1798,0,0,0,0,0,,
Chhattisgarh,Gariaband,19701,1,19506,194,0,0,0,0,0,,
Chhattisgarh,Janjgir Champa,57636,32,56766,838,0,0,0,0,0,,
Chhattisgarh,Jashpur,27093,14,26867,212,0,0,0,0,0,,
Chhattisgarh,Kabeerdham,22771,1,22503,267,0,0,0,0,0,,
Chhattisgarh,Kondagaon,13139,4,13036,99,0,0,0,0,0,,
Chhattisgarh,Korba,54847,39,54228,580,0,0,0,0,0,,
Chhattisgarh,Koriya,26980,5,26798,177,0,0,0,0,0,,
Chhattisgarh,Mahasamund,31365,0,31000,365,0,0,0,0,0,,
Chhattisgarh,Mungeli,23921,1,23753,167,0,0,0,0,0,,
Chhattisgarh,Narayanpur,4019,0,4005,14,0,0,0,0,0,,
Chhattisgarh,Raigarh,62590,15,61597,978,0,0,0,0,0,,
Chhattisgarh,Raipur,158035,44,154852,3139,0,0,0,0,0,,
Chhattisgarh,Rajnandgaon,56077,5,55557,515,0,0,0,0,0,,
Chhattisgarh,Sukma,8066,5,8041,20,0,0,0,0,0,,
Chhattisgarh,Surajpur,29029,0,28805,224,0,0,0,0,0,,
Chhattisgarh,Surguja,33673,2,33426,245,0,0,0,0,0,,
Chhattisgarh,Uttar Bastar Kanker,23636,5,23407,224,0,0,0,0,0,,
Chhattisgarh,Gaurela Pendra Marwahi,12011,1,11864,146,0,0,0,0,0,,
Delhi,Central Delhi,184,184,0,0,0,0,0,0,0,District-wise numbers are out-dated as cumulative counts for each district are not reported in bulletin,
Delhi,East Delhi,38,38,0,0,0,0,0,0,0,District-wise numbers are out-dated as cumulative counts for each district are not reported in bulletin,
Delhi,New Delhi,37,37,0,0,0,0,0,0,0,District-wise numbers are out-dated as cumulative counts for each district are not reported in bulletin,
Delhi,North Delhi,60,60,0,0,0,0,0,0,0,District-wise numbers are out-dated as cumulative counts for each district are not reported in bulletin,
Delhi,North East Delhi,25,25,0,0,0,0,0,0,0,District-wise numbers are out-dated as cumulative counts for each district are not reported in bulletin,
Delhi,North West Delhi,32,31,0,1,0,0,0,0,0,District-wise numbers are out-dated as cumulative counts for each district are not reported in bulletin,
Delhi,Shahdara,48,48,0,0,0,0,0,0,0,District-wise numbers are out-dated as cumulative counts for each district are not reported in bulletin,
Delhi,South Delhi,70,70,0,0,0,0,0,0,0,District-wise numbers are out-dated as cumulative counts for each district are not reported in bulletin,
Delhi,South East Delhi,130,130,0,0,0,0,0,0,0,District-wise numbers are out-dated as cumulative counts for each district are not reported in bulletin,
Delhi,South West Delhi,42,42,0,0,0,0,0,0,0,District-wise numbers are out-dated as cumulative counts for each district are not reported in bulletin,
Delhi,West Delhi,122,122,0,0,0,0,0,0,0,District-wise numbers are out-dated as cumulative counts for each district are not reported in bulletin,
Dadra and Nagar Haveli and Daman and Diu,Other State,0,0,0,0,0,0,0,0,0,,
Dadra and Nagar Haveli and Daman and Diu,Dadra and Nagar Haveli,5920,2,5910,3,5,0,0,0,0,,
Dadra and Nagar Haveli and Daman and Diu,Daman,3543,0,3516,1,26,0,0,0,0,,
Dadra and Nagar Haveli and Daman and Diu,Diu,1218,0,1218,0,0,0,0,0,0,,
Goa,Other State,200,9,190,1,0,0,0,0,0,District-wise numbers are out-dated as cumulative counts for each district are not reported in bulletin,
Goa,North Goa,2668,1639,964,65,0,0,0,0,0,District-wise numbers are out-dated as cumulative counts for each district are not reported in bulletin,
Goa,South Goa,3511,1978,1407,126,0,0,0,0,0,District-wise numbers are out-dated as cumulative counts for each district are not reported in bulletin,
Gujarat,Other State,162,0,159,3,0,0,0,0,0,,
Gujarat,Ahmedabad,238334,34,234889,3411,0,0,0,0,0,,
Gujarat,Amreli,10810,0,10708,102,0,0,0,0,0,,
Gujarat,Anand,9637,7,9581,49,0,0,0,0,0,,
Gujarat,Aravalli,5186,0,5108,78,0,0,0,0,0,,
Gujarat,Banaskantha,13631,0,13469,162,0,0,0,0,0,,
Gujarat,Bharuch,11426,0,11308,118,0,0,0,0,0,,
Gujarat,Bhavnagar,21447,3,21143,301,0,0,0,0,0,,
Gujarat,Botad,2218,0,2176,42,0,0,0,0,0,,
Gujarat,Chhota Udaipur,3395,0,3357,38,0,0,0,0,0,,
Gujarat,Dahod,9955,0,9917,38,0,0,0,0,0,,
Gujarat,Dang,866,0,848,18,0,0,0,0,0,,
Gujarat,Devbhumi Dwarka,4175,0,4093,82,0,0,0,0,0,,
Gujarat,Gandhinagar,20754,0,20549,205,0,0,0,0,0,,
Gujarat,Gir Somnath,8570,4,8499,67,0,0,0,0,0,,
Gujarat,Jamnagar,34978,6,34494,478,0,0,0,0,0,,
Gujarat,Junagadh,20505,7,20226,272,0,0,0,0,0,,
Gujarat,Kheda,10439,0,10391,48,0,0,0,0,0,,
Gujarat,Kutch,12631,12,12474,145,0,0,0,0,0,,
Gujarat,Mahisagar,8194,0,8122,72,0,0,0,0,0,,
Gujarat,Mehsana,24419,0,24242,177,0,0,0,0,0,,
Gujarat,Morbi,6502,0,6415,87,0,0,0,0,0,,
Gujarat,Narmada,5955,0,5940,15,0,0,0,0,0,,
Gujarat,Navsari,7215,10,7181,24,0,0,0,0,0,,
Gujarat,Panchmahal,11770,0,11700,70,0,0,0,0,0,,
Gujarat,Patan,11624,0,11495,129,0,0,0,0,0,,
Gujarat,Porbandar,3486,0,3467,19,0,0,0,0,0,,
Gujarat,Rajkot,57976,8,57243,725,0,0,0,0,0,,
Gujarat,Sabarkantha,9317,1,9159,157,0,0,0,0,0,,
Gujarat,Surat,143874,33,141885,1956,0,0,0,0,0,,
Gujarat,Surendranagar,8121,0,7985,136,0,0,0,0,0,,
Gujarat,Tapi,4441,0,4417,24,0,0,0,0,0,,
Gujarat,Vadodara,78159,36,77335,788,0,0,0,0,0,,
Gujarat,Valsad,6405,44,6308,53,0,0,0,0,0,,
Himachal Pradesh,Bilaspur,14374,168,14120,85,1,0,0,0,0,,
Himachal Pradesh,Chamba,13687,33,13492,160,2,0,0,0,0,,
Himachal Pradesh,Hamirpur,17379,350,16741,287,1,0,0,0,0,,
Himachal Pradesh,Kangra,50818,817,48872,1125,4,0,0,0,0,,
Himachal Pradesh,Kinnaur,3507,4,3465,38,0,0,0,0,0,,
Himachal Pradesh,Kullu,9692,36,9496,158,2,0,0,0,0,,
Himachal Pradesh,Lahaul and Spiti,2953,0,2935,18,0,0,0,0,0,,
Himachal Pradesh,Mandi,31606,175,30983,448,0,0,0,0,0,,
Himachal Pradesh,Shimla,27549,118,26786,641,4,0,0,0,0,,
Himachal Pradesh,Sirmaur,15456,1,15244,211,0,0,0,0,0,,
Himachal Pradesh,Solan,22817,31,22472,314,0,0,0,0,0,,
Himachal Pradesh,Una,14268,209,13804,253,2,0,0,0,0,,
Haryana,Foreign Evacuees,0,0,0,0,0,0,0,0,0,,
Haryana,Ambala,30150,2,29639,509,0,0,0,0,0,,
Haryana,Bhiwani,22409,0,21757,652,0,0,0,0,0,,
Haryana,Charkhi Dadri,5078,0,4939,139,0,0,0,0,0,,
Haryana,Faridabad,99902,29,99157,716,0,0,0,0,0,,
Haryana,Fatehabad,17875,0,17394,481,0,0,0,0,0,,
Haryana,Gurugram,181428,52,180454,922,0,0,0,0,0,,
Haryana,Hisar,53995,2,52857,1136,0,0,0,0,0,,
Haryana,Italians,0,0,0,0,0,0,0,0,0,,
Haryana,Jhajjar,18849,7,18514,328,0,0,0,0,0,,
Haryana,Jind,21209,1,20675,533,0,0,0,0,0,,
Haryana,Kaithal,11244,0,10898,346,0,0,0,0,0,,
Haryana,Karnal,40037,1,39484,552,0,0,0,0,0,,
Haryana,Kurukshetra,22147,1,21789,357,0,0,0,0,0,,
Haryana,Mahendragarh,21689,0,21534,155,0,0,0,0,0,,
Haryana,Nuh,5014,1,4890,123,0,0,0,0,0,,
Haryana,Palwal,11025,0,10872,153,0,0,0,0,0,,
Haryana,Panchkula,30770,13,30379,378,0,0,0,0,0,,
Haryana,Panipat,31150,2,30510,638,0,0,0,0,0,,
Haryana,Rewari,20327,0,20106,221,0,0,0,0,0,,
Haryana,Rohtak,25903,19,25350,534,0,0,0,0,0,,
Haryana,Sirsa,29282,3,28771,508,0,0,0,0,0,,
Haryana,Sonipat,47138,0,46884,254,0,0,0,0,0,,
Haryana,Yamunanagar,24631,2,24215,414,0,0,0,0,0,,
Jharkhand,Bokaro,19461,5,19170,286,0,0,0,0,0,,
Jharkhand,Chatra,6033,3,5977,53,0,0,0,0,0,,
Jharkhand,Deoghar,10835,1,10721,113,0,0,0,0,0,,
Jharkhand,Dhanbad,16589,11,16196,382,0,0,0,0,0,,
Jharkhand,Dumka,4636,0,4589,47,0,0,0,0,0,,
Jharkhand,East Singhbhum,51974,21,50907,1046,0,0,0,0,0,,
Jharkhand,Garhwa,6895,0,6801,94,0,0,0,0,0,,
Jharkhand,Giridih,8964,0,8834,130,0,0,0,0,0,,
Jharkhand,Godda,5840,0,5753,87,0,0,0,0,0,,
Jharkhand,Gumla,9900,5,9857,38,0,0,0,0,0,,
Jharkhand,Hazaribagh,19593,3,19404,186,0,0,0,0,0,,
Jharkhand,Jamtara,5599,4,5534,61,0,0,0,0,0,,
Jharkhand,Khunti,7820,0,7724,96,0,0,0,0,0,,
Jharkhand,Koderma,12872,0,12736,136,0,0,0,0,0,,
Jharkhand,Latehar,7871,0,7814,57,0,0,0,0,0,,
Jharkhand,Lohardaga,6709,0,6621,88,0,0,0,0,0,,
Jharkhand,Pakur,2552,1,2539,12,0,0,0,0,0,,
Jharkhand,Palamu,12294,0,12184,110,0,0,0,0,0,,
Jharkhand,Ramgarh,13923,12,13714,197,0,0,0,0,0,,
Jharkhand,Ranchi,86116,36,84495,1585,0,0,0,0,0,,
Jharkhand,Sahibganj,4834,0,4792,42,0,0,0,0,0,,
Jharkhand,Saraikela-Kharsawan,7207,3,7137,67,0,0,0,0,0,,
Jharkhand,Simdega,7193,0,7101,92,0,0,0,0,0,,
Jharkhand,West Singhbhum,13054,3,12918,133,0,0,0,0,0,,
Jammu and Kashmir,Anantnag,16603,20,16378,205,0,0,0,0,0,,
Jammu and Kashmir,Bandipora,9814,19,9693,102,0,0,0,0,0,,
Jammu and Kashmir,Baramulla,24613,135,24196,282,0,0,0,0,0,,
Jammu and Kashmir,Budgam,23844,89,23548,207,0,0,0,0,0,,
Jammu and Kashmir,Doda,7869,32,7704,133,0,0,0,0,0,,
Jammu and Kashmir,Ganderbal,10436,44,10313,79,0,0,0,0,0,,
Jammu and Kashmir,Jammu,53324,34,52145,1145,0,0,0,0,0,,
Jammu and Kashmir,Kathua,9327,0,9175,152,0,0,0,0,0,,
Jammu and Kashmir,Kishtwar,4819,2,4773,44,0,0,0,0,0,,
Jammu and Kashmir,Kulgam,11489,5,11367,117,0,0,0,0,0,,
Jammu and Kashmir,Kupwara,14463,29,14268,166,0,0,0,0,0,,
Jammu and Kashmir,Mirpur,0,0,0,0,0,0,0,0,0,,
Jammu and Kashmir,Muzaffarabad,0,0,0,0,0,0,0,0,0,,
Jammu and Kashmir,Pulwama,15512,9,15309,194,0,0,0,0,0,,
Jammu and Kashmir,Punch,6482,13,6371,98,0,0,0,0,0,,
Jammu and Kashmir,Rajouri,11272,4,11031,237,0,0,0,0,0,,
Jammu and Kashmir,Ramban,6043,5,5971,67,0,0,0,0,0,,
Jammu and Kashmir,Reasi,6626,8,6575,43,0,0,0,0,0,,
Jammu and Kashmir,Samba,7152,0,7032,120,0,0,0,0,0,,
Jammu and Kashmir,Shopiyan,5607,0,5549,58,0,0,0,0,0,,
Jammu and Kashmir,Srinagar,75539,451,74242,846,0,0,0,0,0,,
Jammu and Kashmir,Udhampur,11415,3,11275,137,0,0,0,0,0,,
Karnataka,Bagalkote,35178,2,34843,333,0,0,0,0,0,,
Karnataka,Ballari,97763,113,95961,1689,0,0,0,0,0,,
Karnataka,Belagavi,79900,83,78879,938,0,0,0,0,0,,
Karnataka,Bengaluru Rural,62005,42,61073,890,0,0,0,0,0,,
Karnataka,Bengaluru Urban,1251872,6531,1229059,16281,1,0,0,0,0,,
Karnataka,Bidar,24340,0,23936,400,4,0,0,0,0,,
Karnataka,Chamarajanagara,33001,21,32469,500,11,0,0,0,0,,
Karnataka,Chikkaballapura,43951,20,43501,429,1,0,0,0,0,,
Karnataka,Chikkamagaluru,51126,69,50662,395,0,0,0,0,0,,
Karnataka,Chitradurga,36666,48,36412,206,0,0,0,0,0,,
Karnataka,Dakshina Kannada,115478,276,113515,1680,7,0,0,0,0,,
Karnataka,Davanagere,50989,22,50359,608,0,0,0,0,0,,
Karnataka,Dharwad,60970,14,59639,1315,2,0,0,0,0,,
Karnataka,Gadag,26066,0,25747,319,0,0,0,0,0,,
Karnataka,Hassan,111785,233,110294,1256,2,0,0,0,0,,
Karnataka,Haveri,21947,2,21301,644,0,0,0,0,0,,
Karnataka,Kalaburagi,61926,20,61087,819,0,0,0,0,0,,
Karnataka,Kodagu,37095,149,36616,329,1,0,0,0,0,,
Karnataka,Kolar,46916,12,46266,638,0,0,0,0,0,,
Karnataka,Koppal,35198,17,34660,521,0,0,0,0,0,,
Karnataka,Mandya,73753,74,73029,650,0,0,0,0,0,,
Karnataka,Mysuru,179167,304,176447,2416,0,0,0,0,0,,
Karnataka,Other State,36,0,33,3,0,0,0,0,0,,
Karnataka,Raichur,39973,1,39641,331,0,0,0,0,0,,
Karnataka,Ramanagara,24204,15,23869,320,0,0,0,0,0,,
Karnataka,Shivamogga,69444,117,68239,1088,0,0,0,0,0,,
Karnataka,Tumakuru,120836,289,119420,1127,0,0,0,0,0,,
Karnataka,Udupi,76718,48,76181,489,0,0,0,0,0,,
Karnataka,Uttara Kannada,56218,113,55339,766,0,0,0,0,0,,
Karnataka,Vijayapura,36267,8,35764,495,0,0,0,0,0,,
Karnataka,Yadgir,27545,1,27337,207,0,0,0,0,0,,
Kerala,Other State,0,0,0,0,0,0,0,0,0,,
Kerala,Alappuzha,316160,743,313515,1862,40,0,0,0,0,,
Kerala,Ernakulam,602800,15333,583842,3555,70,0,0,0,0,,
Kerala,Idukki,147118,6298,140292,519,9,0,0,0,0,,
Kerala,Kannur,275264,3411,269475,2325,53,0,0,0,0,,
Kerala,Kasaragod,138815,3357,134824,617,17,0,0,0,0,,
Kerala,Kollam,390872,4441,383923,2451,57,0,0,0,0,,
Kerala,Kottayam,322484,5351,315759,1356,18,0,0,0,0,,
Kerala,Kozhikode,527346,4898,519030,3374,44,0,0,0,0,,
Kerala,Malappuram,567584,2865,562111,2576,32,0,0,0,0,,
Kerala,Palakkad,373839,6583,364351,2881,24,0,0,0,0,,
Kerala,Pathanamthitta,193406,7340,184979,1076,11,0,0,0,0,,
Kerala,Thiruvananthapuram,463977,10563,448304,4996,114,0,0,0,0,,
Kerala,Thrissur,523260,4178,515481,3575,26,0,0,0,0,,
Kerala,Wayanad,125732,3905,121295,518,14,0,0,0,0,,
Ladakh,Kargil,3619,5,3556,58,0,0,0,0,0,,
Ladakh,Leh,17343,62,17131,150,0,0,0,0,0,,
Lakshadweep,Lakshadweep,10365,1,10270,50,44,0,0,0,0,,
Maharashtra,Ahmednagar,339457,2291,330122,7043,1,0,0,0,0,,
Maharashtra,Akola,58764,17,57318,1425,4,0,0,0,0,,
Maharashtra,Amravati,96231,17,94618,1594,2,0,0,0,0,,
Maharashtra,Aurangabad,155331,451,150615,4251,14,0,0,0,0,,
Maharashtra,Beed,103749,133,100803,2806,7,0,0,0,0,,
Maharashtra,Bhandara,60080,2,58945,1123,10,0,0,0,0,,
Maharashtra,Buldhana,85520,7,84710,797,6,0,0,0,0,,
Maharashtra,Chandrapur,88968,17,87387,1560,4,0,0,0,0,,
Maharashtra,Dhule,46172,6,45501,654,11,0,0,0,0,,
Maharashtra,Gadchiroli,30440,3,29735,669,33,0,0,0,0,,
Maharashtra,Gondia,40519,2,39941,569,7,0,0,0,0,,
Maharashtra,Hingoli,18475,19,17949,506,1,0,0,0,0,,
Maharashtra,Jalgaon,139934,10,137178,2714,32,0,0,0,0,,
Maharashtra,Jalna,60615,23,59382,1209,1,0,0,0,0,,
Maharashtra,Kolhapur,206671,120,200699,5847,5,0,0,0,0,,
Maharashtra,Latur,92133,82,89608,2437,6,0,0,0,0,,
Maharashtra,Mumbai,756749,4672,733318,16247,2512,0,0,0,0,"[Sep 9]After reconciling COVID-19 cases in Mumbai, owing to the removal of duplicates and change of addresses as per the original residence, 239 cases have been removed from the progressive figures.",
Maharashtra,Mumbai Suburban,0,0,0,0,0,0,0,0,0,,
Maharashtra,Nagpur,493607,74,484334,9128,71,0,0,0,0,District administration provides number of persons tested instead of the number of samples tested.,
Maharashtra,Nanded,90409,24,87721,2658,6,0,0,0,0,Number of active cases differs in the state bulletin and district bulletin. We follow the state bulletin.,
Maharashtra,Nandurbar,40006,1,39054,948,3,0,0,0,0,,
Maharashtra,Nashik,410681,583,401418,8679,1,0,0,0,0,Number of active cases differs in the state bulletin and district bulletin. We follow the state bulletin.,
Maharashtra,Osmanabad,67828,174,65577,1963,114,0,0,0,0,,
Maharashtra,Other State,144,0,31,111,2,0,0,0,0,,
Maharashtra,Palghar,138013,408,134309,3282,14,0,0,0,0,,
Maharashtra,Parbhani,52362,32,51078,1233,19,0,0,0,0,,
Maharashtra,Pune,1154776,3432,1131401,19594,349,0,0,0,0,Number of active cases differs in the state bulletin and district bulletin. We follow the state bulletin.,
Maharashtra,Raigad,195958,641,190759,4551,7,0,0,0,0,Number of active cases differs in the state bulletin and district bulletin. We follow the state bulletin.,
Maharashtra,Ratnagiri,78950,175,76292,2478,5,0,0,0,0,,
Maharashtra,Sangli,209771,476,203673,5613,9,0,0,0,0,,
Maharashtra,Satara,250414,473,243482,6428,31,0,0,0,0,,
Maharashtra,Sindhudurg,52783,347,50987,1434,15,0,0,0,0,,
Maharashtra,Solapur,210466,441,204364,5551,110,0,0,0,0,,
Maharashtra,Thane,610128,1490,597141,11462,35,0,0,0,0,,
Maharashtra,Wardha,57344,6,55956,1217,165,0,0,0,0,,
Maharashtra,Washim,41663,3,41020,637,3,0,0,0,0,,
Maharashtra,Yavatmal,75967,6,74159,1798,4,0,0,0,0,,
Meghalaya,East Garo Hills,1867,10,1844,13,0,0,0,0,0,,
Meghalaya,East Jaintia Hills,2430,4,2395,31,0,0,0,0,0,,
Meghalaya,East Khasi Hills,41025,284,39754,987,0,0,0,0,0,,
Meghalaya,North Garo Hills,1685,3,1674,8,0,0,0,0,0,,
Meghalaya,Ribhoi,9697,24,9584,89,0,0,0,0,0,,
Meghalaya,South Garo Hills,1216,1,1203,12,0,0,0,0,0,,
Meghalaya,South West Garo Hills,1872,3,1852,17,0,0,0,0,0,,
Meghalaya,South West Khasi Hills,2548,6,2525,17,0,0,0,0,0,,
Meghalaya,West Garo Hills,9027,12,8943,72,0,0,0,0,0,,
Meghalaya,West Jaintia Hills,6803,28,6642,133,0,0,0,0,0,,
Meghalaya,West Khasi Hills,5457,56,5330,71,0,0,0,0,0,,
Manipur,CAPF Personnel,3524,1841,1681,2,0,0,0,0,0,,
Manipur,Bishnupur,9052,8813,58,181,0,0,0,0,0,,
Manipur,Chandel,1985,1944,4,37,0,0,0,0,0,,
Manipur,Churachandpur,9605,9392,58,155,0,0,0,0,0,,
Manipur,Imphal East,26550,25956,150,444,0,0,0,0,0,,
Manipur,Imphal West,41899,41252,52,595,0,0,0,0,0,,
Manipur,Jiribam,912,904,2,6,0,0,0,0,0,,
Manipur,Kakching,6293,6157,27,109,0,0,0,0,0,,
Manipur,Kamjong,822,801,17,4,0,0,0,0,0,,
Manipur,Kangpokpi,2199,2123,19,57,0,0,0,0,0,,
Manipur,Noney,968,946,18,4,0,0,0,0,0,,
Manipur,Pherzawl,464,449,15,0,0,0,0,0,0,,
Manipur,Senapati,1952,1921,21,10,0,0,0,0,0,,
Manipur,Tamenglong,3158,3114,32,12,0,0,0,0,0,,
Manipur,Tengnoupal,901,877,13,11,0,0,0,0,0,,
Manipur,Thoubal,9246,9061,23,162,0,0,0,0,0,,
Manipur,Ukhrul,2504,2447,18,39,0,0,0,0,0,,
Madhya Pradesh,Agar Malwa,3303,0,3235,68,0,0,0,0,0,,
Madhya Pradesh,Alirajpur,3505,4,3453,48,0,0,0,0,0,,
Madhya Pradesh,Anuppur,9238,9,9140,89,0,0,0,0,0,,
Madhya Pradesh,Ashoknagar,3670,0,3613,57,0,0,0,0,0,,
Madhya Pradesh,Balaghat,9100,19,9017,64,0,0,0,0,0,,
Madhya Pradesh,Barwani,8366,9,8267,90,0,0,0,0,0,,
Madhya Pradesh,Betul,12905,38,12590,277,0,0,0,0,0,,
Madhya Pradesh,Bhind,2995,3,2960,32,0,0,0,0,0,,
Madhya Pradesh,Bhopal,123552,459,122121,972,0,0,0,0,0,,
Madhya Pradesh,Burhanpur,2568,0,2529,39,0,0,0,0,0,,
Madhya Pradesh,Chhatarpur,7609,12,7506,91,0,0,0,0,0,,
Madhya Pradesh,Chhindwara,6734,2,6612,120,0,0,0,0,0,,
Madhya Pradesh,Damoh,8120,93,7841,186,0,0,0,0,0,,
Madhya Pradesh,Datia,6959,7,6874,78,0,0,0,0,0,,
Madhya Pradesh,Dewas,7723,0,7672,51,0,0,0,0,0,,
Madhya Pradesh,Dhar,12572,54,12388,130,0,0,0,0,0,,
Madhya Pradesh,Dindori,4623,6,4588,29,0,0,0,0,0,,
Madhya Pradesh,Guna,5132,3,5085,44,0,0,0,0,0,,
Madhya Pradesh,Gwalior,53106,46,52427,633,0,0,0,0,0,,
Madhya Pradesh,Harda,5055,5,4954,96,0,0,0,0,0,,
Madhya Pradesh,Hoshangabad,10688,19,10570,99,0,0,0,0,0,,
Madhya Pradesh,Indore,153230,429,151410,1391,0,0,0,0,0,,
Madhya Pradesh,Jabalpur,50779,213,49896,670,0,0,0,0,0,,
Madhya Pradesh,Jhabua,7691,8,7619,64,0,0,0,0,0,,
Madhya Pradesh,Katni,9366,4,9242,120,0,0,0,0,0,,
Madhya Pradesh,Khandwa,4044,4,3946,94,0,0,0,0,0,,
Madhya Pradesh,Khargone,13970,15,13716,239,0,0,0,0,0,,
Madhya Pradesh,Mandla,5188,4,5159,25,0,0,0,0,0,,
Madhya Pradesh,Mandsaur,8637,1,8552,84,0,0,0,0,0,,
Madhya Pradesh,Morena,8236,6,8135,95,0,0,0,0,0,,
Madhya Pradesh,Narsinghpur,11209,13,11115,81,0,0,0,0,0,,
Madhya Pradesh,Neemuch,7926,14,7828,84,0,0,0,0,0,,
Madhya Pradesh,Niwari,3715,13,3654,48,0,0,0,0,0,,
Madhya Pradesh,Other Region,0,0,0,0,0,0,0,0,0,,
Madhya Pradesh,Panna,7331,18,7250,63,0,0,0,0,0,,
Madhya Pradesh,Raisen,9238,14,9030,194,0,0,0,0,0,,
Madhya Pradesh,Rajgarh,8729,67,8490,172,0,0,0,0,0,,
Madhya Pradesh,Ratlam,17860,37,17438,385,0,0,0,0,0,,
Madhya Pradesh,Rewa,16433,8,16270,155,0,0,0,0,0,,
Madhya Pradesh,Sagar,16622,78,16154,390,0,0,0,0,0,,
Madhya Pradesh,Satna,11965,3,11829,133,0,0,0,0,0,,
Madhya Pradesh,Sehore,10136,6,10057,73,0,0,0,0,0,,
Madhya Pradesh,Seoni,6775,8,6739,28,0,0,0,0,0,,
Madhya Pradesh,Shahdol,10085,9,9958,118,0,0,0,0,0,,
Madhya Pradesh,Shajapur,6349,2,6273,74,0,0,0,0,0,,
Madhya Pradesh,Sheopur,4000,3,3919,78,0,0,0,0,0,,
Madhya Pradesh,Shivpuri,12398,12,12261,125,0,0,0,0,0,,
Madhya Pradesh,Sidhi,9219,0,9132,87,0,0,0,0,0,,
Madhya Pradesh,Singrauli,8801,13,8706,82,0,0,0,0,0,,
Madhya Pradesh,Tikamgarh,6863,7,6742,114,0,0,0,0,0,,
Madhya Pradesh,Ujjain,18903,11,18720,172,0,0,0,0,0,,
Madhya Pradesh,Umaria,6294,7,6224,63,0,0,0,0,0,,
Madhya Pradesh,Vidisha,11922,8,11677,237,0,0,0,0,0,,
Mizoram,Aizawl,75111,3474,71337,300,0,0,0,0,0,,
Mizoram,Champhai,5188,432,4745,11,0,0,0,0,0,,
Mizoram,Hnahthial,1020,160,857,3,0,0,0,0,0,,
Mizoram,Khawzawl,733,45,688,0,0,0,0,0,0,,
Mizoram,Kolasib,7721,130,7561,30,0,0,0,0,0,,
Mizoram,Lawngtlai,6740,164,6553,23,0,0,0,0,0,,
Mizoram,Lunglei,9842,762,9053,27,0,0,0,0,0,,
Mizoram,Mamit,4854,394,4448,12,0,0,0,0,0,,
Mizoram,Saiha,5469,151,5304,14,0,0,0,0,0,,
Mizoram,Saitual,471,49,420,2,0,0,0,0,0,,
Mizoram,Serchhip,4210,554,3646,10,0,0,0,0,0,,
Nagaland,Others,0,0,0,0,0,0,0,0,0,,
Nagaland,Dimapur,14684,103,13471,421,689,0,0,0,0,,
Nagaland,Kiphire,258,2,246,9,1,0,0,0,0,,
Nagaland,Kohima,9461,41,9095,123,202,0,0,0,0,,
Nagaland,Longleng,307,1,286,2,18,0,0,0,0,,
Nagaland,Mokokchung,2333,31,2186,54,62,0,0,0,0,,
Nagaland,Mon,1159,4,1124,14,17,0,0,0,0,,
Nagaland,Peren,920,2,897,6,15,0,0,0,0,,
Nagaland,Phek,601,6,568,18,9,0,0,0,0,,
Nagaland,Tuensang,1094,2,1077,12,3,0,0,0,0,,
Nagaland,Wokha,402,14,361,11,16,0,0,0,0,,
Nagaland,Zunheboto,623,4,593,15,11,0,0,0,0,,
Odisha,State Pool,32048,461,31587,0,0,0,0,0,0,,
Odisha,Others,0,0,0,0,0,0,0,0,0,,
Odisha,Angul,43920,21,43506,393,0,0,0,0,0,,
Odisha,Balangir,23397,14,23257,126,0,0,0,0,0,,
Odisha,Balasore,40787,99,40389,299,0,0,0,0,0,,
Odisha,Bargarh,31126,29,30762,335,0,0,0,0,0,,
Odisha,Bhadrak,26480,70,26260,150,0,0,0,0,0,,
Odisha,Boudh,12634,34,12488,112,0,0,0,0,0,,
Odisha,Cuttack,94631,370,93404,857,0,0,0,0,0,,
Odisha,Deogarh,6553,43,6460,50,0,0,0,0,0,,
Odisha,Dhenkanal,19871,30,19598,243,0,0,0,0,0,,
Odisha,Gajapati,9657,18,9555,84,0,0,0,0,0,,
Odisha,Ganjam,33849,22,33342,485,0,0,0,0,0,,
Odisha,Jagatsinghpur,27920,94,27510,316,0,0,0,0,0,,
Odisha,Jajpur,43735,102,43461,172,0,0,0,0,0,,
Odisha,Jharsuguda,23863,14,23673,176,0,0,0,0,0,,
Odisha,Kalahandi,24314,22,24082,210,0,0,0,0,0,,
Odisha,Kandhamal,11537,1,11453,83,0,0,0,0,0,,
Odisha,Kendrapara,24860,63,24545,252,0,0,0,0,0,,
Odisha,Kendujhar,20980,7,20798,175,0,0,0,0,0,,
Odisha,Khordha,175335,1845,171938,1552,0,0,0,0,0,,
Odisha,Koraput,19137,15,19044,78,0,0,0,0,0,,
Odisha,Malkangiri,11667,5,11613,49,0,0,0,0,0,,
Odisha,Mayurbhanj,40844,142,40416,286,0,0,0,0,0,,
Odisha,Nabarangapur,23549,2,23461,86,0,0,0,0,0,,
Odisha,Nayagarh,23505,32,23261,212,0,0,0,0,0,,
Odisha,Nuapada,22924,37,22803,84,0,0,0,0,0,,
Odisha,Puri,45431,69,44903,459,0,0,0,0,0,,
Odisha,Rayagada,20224,76,19981,167,0,0,0,0,0,,
Odisha,Sambalpur,31651,96,31315,240,0,0,0,0,0,,
Odisha,Subarnapur,13187,11,13115,61,0,0,0,0,0,,
Odisha,Sundargarh,61841,80,61167,594,0,0,0,0,0,,
Punjab,Amritsar,47379,24,45757,1598,0,0,0,0,0,,
Punjab,Barnala,5950,10,5696,244,0,0,0,0,0,,
Punjab,Bathinda,41728,18,40668,1042,0,0,0,0,0,,
Punjab,Faridkot,13927,10,13602,315,0,0,0,0,0,,
Punjab,Fatehgarh Sahib,8876,3,8538,335,0,0,0,0,0,,
Punjab,Fazilka,20271,14,19729,528,0,0,0,0,0,,
Punjab,Ferozepur,14347,11,13832,504,0,0,0,0,0,,
Punjab,Gurdaspur,22381,4,21576,801,0,0,0,0,0,,
Punjab,Hoshiarpur,30822,8,29828,986,0,0,0,0,0,,
Punjab,Jalandhar,63396,36,61864,1496,0,0,0,0,0,,
Punjab,Kapurthala,17852,2,17294,556,0,0,0,0,0,,
Punjab,Ludhiana,87608,18,85484,2106,0,0,0,0,0,,
Punjab,Mansa,15606,0,15226,380,0,0,0,0,0,,
Punjab,Moga,8675,2,8440,233,0,0,0,0,0,,
Punjab,Pathankot,18814,22,18373,419,0,0,0,0,0,,
Punjab,Patiala,48927,8,47561,1358,0,0,0,0,0,,
Punjab,Rupnagar,12963,23,12517,423,0,0,0,0,0,,
Punjab,S.A.S. Nagar,68821,27,67726,1068,0,0,0,0,0,,
Punjab,Sangrur,15762,3,14884,875,0,0,0,0,0,,
Punjab,Shahid Bhagat Singh Nagar,11469,1,11080,388,0,0,0,0,0,,
Punjab,Sri Muktsar Sahib,18784,3,18257,524,0,0,0,0,0,,
Punjab,Tarn Taran,8043,4,7659,380,0,0,0,0,0,,
Puducherry,Karaikal,16488,88,16150,250,0,0,0,0,0,"2 case of TN has been transferred,so has been reduced from the total count.",
Puducherry,Mahe,5867,76,5744,47,0,0,0,0,0,"1 case of KL have been transferred,so have been reduced from the total count",
Puducherry,Puducherry,98885,261,97171,1453,0,0,0,0,0,"209 cases(204 of TN, 1 of AP and 4 other) have been transferred,so have been reduced from the total count.[July 18]4 cases have transferred to TN and have been reduced from recovered cases.",
Puducherry,Yanam,6773,5,6661,107,0,0,0,0,0,"2 cases of AP have been transferred,so have been reduced from the total count",
Rajasthan,Ajmer,37769,7,37352,410,0,0,0,0,0,,
Rajasthan,Alwar,59694,0,59387,307,0,0,0,0,0,,
Rajasthan,Banswara,10005,0,9901,104,0,0,0,0,0,,
Rajasthan,Baran,11996,1,11934,61,0,0,0,0,0,,
Rajasthan,Barmer,15563,1,15377,185,0,0,0,0,0,,
Rajasthan,Bharatpur,19601,0,19341,260,0,0,0,0,0,,
Rajasthan,Bhilwara,29781,0,29625,156,0,0,0,0,0,,
Rajasthan,Bikaner,40339,2,39792,545,0,0,0,0,0,,
Rajasthan,BSF Camp,85,0,85,0,0,0,0,0,0,,
Rajasthan,Bundi,7967,0,7919,48,0,0,0,0,0,,
Rajasthan,Chittorgarh,19809,0,19670,139,0,0,0,0,0,,
Rajasthan,Churu,16720,0,16613,107,0,0,0,0,0,,
Rajasthan,Dausa,13351,0,13289,62,0,0,0,0,0,,
Rajasthan,Dholpur,11010,0,10962,48,0,0,0,0,0,,
Rajasthan,Dungarpur,18407,0,18276,131,0,0,0,0,0,,
Rajasthan,Evacuees,61,0,61,0,0,0,0,0,0,,
Rajasthan,Ganganagar,19354,1,19203,150,0,0,0,0,0,,
Rajasthan,Hanumangarh,16053,0,15942,111,0,0,0,0,0,,
Rajasthan,Italians,2,0,2,0,0,0,0,0,0,,
Rajasthan,Jaipur,187804,18,185816,1970,0,0,0,0,0,,
Rajasthan,Jaisalmer,13639,0,13573,66,0,0,0,0,0,,
Rajasthan,Jalore,10067,0,9995,72,0,0,0,0,0,,
Rajasthan,Jhalawar,13612,0,13425,187,0,0,0,0,0,,
Rajasthan,Jhunjhunu,14811,0,14653,158,0,0,0,0,0,,
Rajasthan,Jodhpur,112412,1,111308,1103,0,0,0,0,0,,
Rajasthan,Karauli,7156,0,7086,70,0,0,0,0,0,,
Rajasthan,Kota,57053,1,56603,449,0,0,0,0,0,,
Rajasthan,Nagaur,17737,0,17560,177,0,0,0,0,0,,
Rajasthan,Other State,189,0,150,39,0,0,0,0,0,,
Rajasthan,Pali,27324,0,27037,287,0,0,0,0,0,,
Rajasthan,Pratapgarh,7143,0,7080,63,0,0,0,0,0,,
Rajasthan,Rajsamand,17044,0,16875,169,0,0,0,0,0,,
Rajasthan,Sawai Madhopur,10618,0,10557,61,0,0,0,0,0,,
Rajasthan,Sikar,30618,0,30283,335,0,0,0,0,0,,
Rajasthan,Sirohi,13732,0,13653,79,0,0,0,0,0,,
Rajasthan,Tonk,9498,0,9406,92,0,0,0,0,0,,
Rajasthan,Udaipur,56405,0,55652,753,0,0,0,0,0,,
Sikkim,East Sikkim,17047,11904,4917,148,78,0,0,0,0,,
Sikkim,North Sikkim,833,751,72,1,9,0,0,0,0,,
Sikkim,South Sikkim,6673,6218,438,2,15,0,0,0,0,,
Sikkim,West Sikkim,5720,5539,137,19,25,0,0,0,0,,
Telangana,Foreign Evacuees,33,33,0,0,0,0,0,0,0,District-wise numbers are out-dated as cumulative counts for each district are not reported in Telangana bulletin,
Telangana,Other State,250,250,0,0,0,0,0,0,0,District-wise numbers are out-dated as cumulative counts for each district are not reported in Telangana bulletin,
Telangana,Adilabad,7249,7234,15,0,0,0,0,0,0,District-wise numbers are out-dated as cumulative counts for each district are not reported in Telangana bulletin,
Telangana,Bhadradri Kothagudem,18821,18817,4,0,0,0,0,0,0,District-wise numbers are out-dated as cumulative counts for each district are not reported in Telangana bulletin,
Telangana,Hyderabad,142322,141994,305,23,0,0,0,0,0,District-wise numbers are out-dated as cumulative counts for each district are not reported in Telangana bulletin,
Telangana,Jagtial,17611,17609,2,0,0,0,0,0,0,District-wise numbers are out-dated as cumulative counts for each district are not reported in Telangana bulletin,
Telangana,Jangaon,7814,7813,1,0,0,0,0,0,0,District-wise numbers are out-dated as cumulative counts for each district are not reported in Telangana bulletin,
Telangana,Jayashankar Bhupalapally,6862,6862,0,0,0,0,0,0,0,District-wise numbers are out-dated as cumulative counts for each district are not reported in Telangana bulletin,
Telangana,Jogulamba Gadwal,7266,7240,25,1,0,0,0,0,0,District-wise numbers are out-dated as cumulative counts for each district are not reported in Telangana bulletin,
Telangana,Kamareddy,11607,11599,8,0,0,0,0,0,0,District-wise numbers are out-dated as cumulative counts for each district are not reported in Telangana bulletin,
Telangana,Karimnagar,31063,31047,16,0,0,0,0,0,0,District-wise numbers are out-dated as cumulative counts for each district are not reported in Telangana bulletin,
Telangana,Khammam,27977,27974,3,0,0,0,0,0,0,District-wise numbers are out-dated as cumulative counts for each district are not reported in Telangana bulletin,
Telangana,Komaram Bheem,4543,4541,2,0,0,0,0,0,0,District-wise numbers are out-dated as cumulative counts for each district are not reported in Telangana bulletin,
Telangana,Mahabubabad,13179,13178,1,0,0,0,0,0,0,District-wise numbers are out-dated as cumulative counts for each district are not reported in Telangana bulletin,
Telangana,Mahabubnagar,16518,16510,8,0,0,0,0,0,0,District-wise numbers are out-dated as cumulative counts for each district are not reported in Telangana bulletin,
Telangana,Mancherial,16456,16455,0,1,0,0,0,0,0,District-wise numbers are out-dated as cumulative counts for each district are not reported in Telangana bulletin,
Telangana,Medak,8514,8510,4,0,0,0,0,0,0,District-wise numbers are out-dated as cumulative counts for each district are not reported in Telangana bulletin,
Telangana,Medchal Malkajgiri,46056,46046,9,1,0,0,0,0,0,District-wise numbers are out-dated as cumulative counts for each district are not reported in Telangana bulletin,
Telangana,Mulugu,6718,6716,2,0,0,0,0,0,0,District-wise numbers are out-dated as cumulative counts for each district are not reported in Telangana bulletin,
Telangana,Nagarkurnool,12366,12364,2,0,0,0,0,0,0,District-wise numbers are out-dated as cumulative counts for each district are not reported in Telangana bulletin,
Telangana,Nalgonda,29765,29753,12,0,0,0,0,0,0,District-wise numbers are out-dated as cumulative counts for each district are not reported in Telangana bulletin,
Telangana,Narayanpet,3303,3302,0,1,0,0,0,0,0,District-wise numbers are out-dated as cumulative counts for each district are not reported in Telangana bulletin,
Telangana,Nirmal,7295,7282,13,0,0,0,0,0,0,District-wise numbers are out-dated as cumulative counts for each district are not reported in Telangana bulletin,
Telangana,Nizamabad,21018,20988,30,0,0,0,0,0,0,District-wise numbers are out-dated as cumulative counts for each district are not reported in Telangana bulletin,
Telangana,Peddapalli,16155,16154,1,0,0,0,0,0,0,District-wise numbers are out-dated as cumulative counts for each district are not reported in Telangana bulletin,
Telangana,Rajanna Sircilla,12372,12370,2,0,0,0,0,0,0,District-wise numbers are out-dated as cumulative counts for each district are not reported in Telangana bulletin,
Telangana,Ranga Reddy,49513,49494,17,2,0,0,0,0,0,District-wise numbers are out-dated as cumulative counts for each district are not reported in Telangana bulletin,
Telangana,Sangareddy,19303,19297,6,0,0,0,0,0,0,District-wise numbers are out-dated as cumulative counts for each district are not reported in Telangana bulletin,
Telangana,Siddipet,19643,19642,1,0,0,0,0,0,0,District-wise numbers are out-dated as cumulative counts for each district are not reported in Telangana bulletin,
Telangana,Suryapet,17870,17846,24,0,0,0,0,0,0,District-wise numbers are out-dated as cumulative counts for each district are not reported in Telangana bulletin,
Telangana,Vikarabad,11035,11019,15,1,0,0,0,0,0,District-wise numbers are out-dated as cumulative counts for each district are not reported in Telangana bulletin,
Telangana,Wanaparthy,9833,9833,0,0,0,0,0,0,0,District-wise numbers are out-dated as cumulative counts for each district are not reported in Telangana bulletin,
Telangana,Warangal Rural,10945,10945,0,0,0,0,0,0,0,District-wise numbers are out-dated as cumulative counts for each district are not reported in Telangana bulletin,
Telangana,Warangal Urban,27302,27279,23,0,0,0,0,0,0,District-wise numbers are out-dated as cumulative counts for each district are not reported in Telangana bulletin,
Telangana,Yadadri Bhuvanagiri,11513,11513,0,0,0,0,0,0,0,District-wise numbers are out-dated as cumulative counts for each district are not reported in Telangana bulletin,
Tamil Nadu,Railway Quarantine,428,0,428,0,0,0,0,0,0,,
Tamil Nadu,Airport Quarantine,2113,4,2107,2,0,0,0,0,0,,
Tamil Nadu,Other State,0,0,0,0,0,0,0,0,0,,
Tamil Nadu,Ariyalur,16854,45,16548,261,0,0,0,0,0,,
Tamil Nadu,Chengalpattu,171777,944,168327,2506,0,0,0,0,0,,
Tamil Nadu,Chennai,554672,1425,544701,8546,0,0,0,0,0,[July 22]: 444 backdated deceased entries added to Chennai in TN bulletin.,
Tamil Nadu,Coimbatore,246780,1294,243070,2416,0,0,0,0,0,,
Tamil Nadu,Cuddalore,64085,221,62997,867,0,0,0,0,0,,
Tamil Nadu,Dharmapuri,28425,194,27957,274,0,0,0,0,0,,
Tamil Nadu,Dindigul,33099,106,32348,645,0,0,0,0,0,,
Tamil Nadu,Erode,104303,781,102836,686,0,0,0,0,0,,
Tamil Nadu,Kallakurichi,31364,98,31056,210,0,0,0,0,0,,
Tamil Nadu,Kancheepuram,74970,326,73386,1258,0,0,0,0,0,,
Tamil Nadu,Kanyakumari,62362,202,61112,1048,0,0,0,0,0,,
Tamil Nadu,Karur,24091,212,23523,356,0,0,0,0,0,,
Tamil Nadu,Krishnagiri,43570,186,43036,348,0,0,0,0,0,,
Tamil Nadu,Madurai,75215,190,73853,1172,0,0,0,0,0,,
Tamil Nadu,Nagapattinam,21074,167,20561,346,0,0,0,0,0,,
Tamil Nadu,Namakkal,52245,494,51253,498,0,0,0,0,0,,
Tamil Nadu,Nilgiris,33566,190,33164,212,0,0,0,0,0,,
Tamil Nadu,Perambalur,12067,34,11790,243,0,0,0,0,0,,
Tamil Nadu,Pudukkottai,30183,140,29627,416,0,0,0,0,0,,
Tamil Nadu,Ramanathapuram,20564,49,20158,357,0,0,0,0,0,,
Tamil Nadu,Ranipet,43436,104,42557,775,0,0,0,0,0,,
Tamil Nadu,Salem,99893,589,97619,1685,0,0,0,0,0,,
Tamil Nadu,Sivaganga,20195,135,19854,206,0,0,0,0,0,,
Tamil Nadu,Tenkasi,27357,39,26834,484,0,0,0,0,0,,
Tamil Nadu,Thanjavur,75352,506,73874,972,0,0,0,0,0,,
Tamil Nadu,Theni,43571,32,43018,521,0,0,0,0,0,,
Tamil Nadu,Thiruvallur,119370,390,117138,1842,0,0,0,0,0,,
Tamil Nadu,Thiruvarur,41461,259,40760,442,0,0,0,0,0,,
Tamil Nadu,Thoothukkudi,56304,138,55757,409,0,0,0,0,0,,
Tamil Nadu,Tiruchirappalli,77534,437,76038,1059,0,0,0,0,0,,
Tamil Nadu,Tirunelveli,49374,130,48812,432,0,0,0,0,0,,
Tamil Nadu,Tirupathur,29301,76,28600,625,0,0,0,0,0,,
Tamil Nadu,Tiruppur,95405,743,93683,979,0,0,0,0,0,,
Tamil Nadu,Tiruvannamalai,54968,179,54122,667,0,0,0,0,0,,
Tamil Nadu,Vellore,49864,169,48564,1131,0,0,0,0,0,,
Tamil Nadu,Viluppuram,45857,119,45382,356,0,0,0,0,0,,
Tamil Nadu,Virudhunagar,46294,59,45687,548,0,0,0,0,0,,
Tamil Nadu,Mayiladuthurai,23280,86,22878,316,0,0,0,0,0,,
Tripura,Dhalai,7037,1,7000,35,1,0,0,0,0,,
Tripura,Gomati,8134,13,8043,74,4,0,0,0,0,,
Tripura,Khowai,4559,5,4500,54,0,0,0,0,0,,
Tripura,North Tripura,7250,10,7199,34,7,0,0,0,0,,
Tripura,Sipahijala,6360,11,6273,75,1,0,0,0,0,,
Tripura,South Tripura,10168,8,10104,53,3,0,0,0,0,,
Tripura,Unokoti,8609,7,8530,68,4,0,0,0,0,,
Tripura,West Tripura,32351,71,31817,420,43,0,0,0,0,,
Uttar Pradesh,Agra,25765,0,25308,457,0,0,0,0,0,,
Uttar Pradesh,Aligarh,21280,0,21172,108,0,0,0,0,0,,
Uttar Pradesh,Ambedkar Nagar,5040,3,4885,152,0,0,0,0,0,,
Uttar Pradesh,Amethi,9972,1,9828,143,0,0,0,0,0,,
Uttar Pradesh,Amroha,16616,1,16412,203,0,0,0,0,0,,
Uttar Pradesh,Auraiya,10090,0,9887,203,0,0,0,0,0,,
Uttar Pradesh,Ayodhya,16919,0,16629,290,0,0,0,0,0,,
Uttar Pradesh,Azamgarh,17906,3,17675,228,0,0,0,0,0,,
Uttar Pradesh,Baghpat,9132,0,8991,141,0,0,0,0,0,,
Uttar Pradesh,Bahraich,11549,0,11371,178,0,0,0,0,0,,
Uttar Pradesh,Ballia,21610,0,21376,234,0,0,0,0,0,,
Uttar Pradesh,Balrampur,7494,2,7354,138,0,0,0,0,0,,
Uttar Pradesh,Banda,10992,2,10832,158,0,0,0,0,0,,
Uttar Pradesh,Barabanki,19850,1,19624,225,0,0,0,0,0,,
Uttar Pradesh,Bareilly,44028,1,43650,377,0,0,0,0,0,,
Uttar Pradesh,Basti,11717,2,11385,330,0,0,0,0,0,,
Uttar Pradesh,Bhadohi,7720,0,7557,163,0,0,0,0,0,,
Uttar Pradesh,Bijnor,14794,0,14668,126,0,0,0,0,0,,
Uttar Pradesh,Budaun,14941,0,14843,98,0,0,0,0,0,,
Uttar Pradesh,Bulandshahr,20215,0,19972,243,0,0,0,0,0,,
Uttar Pradesh,Chandauli,16208,0,15852,356,0,0,0,0,0,,
Uttar Pradesh,Chitrakoot,7110,0,7031,79,0,0,0,0,0,,
Uttar Pradesh,Deoria,20223,0,20003,220,0,0,0,0,0,,
Uttar Pradesh,Etah,9968,1,9868,99,0,0,0,0,0,,
Uttar Pradesh,Etawah,13933,0,13640,293,0,0,0,0,0,,
Uttar Pradesh,Farrukhabad,10348,1,10153,194,0,0,0,0,0,,
Uttar Pradesh,Fatehpur,6814,1,6674,139,0,0,0,0,0,,
Uttar Pradesh,Firozabad,8720,0,8585,135,0,0,0,0,0,,
Uttar Pradesh,Gautam Buddha Nagar,63353,10,62876,467,0,0,0,0,0,,
Uttar Pradesh,Ghaziabad,55673,5,55207,461,0,0,0,0,0,,
Uttar Pradesh,Ghazipur,21641,0,21359,282,0,0,0,0,0,,
Uttar Pradesh,Gonda,12282,0,12016,266,0,0,0,0,0,,
Uttar Pradesh,Gorakhpur,59439,3,58588,848,0,0,0,0,0,,
Uttar Pradesh,Hamirpur,5232,0,5130,102,0,0,0,0,0,,
Uttar Pradesh,Hapur,12638,0,12421,217,0,0,0,0,0,,
Uttar Pradesh,Hardoi,13755,0,13406,349,0,0,0,0,0,,
Uttar Pradesh,Hathras,2920,0,2877,43,0,0,0,0,0,,
Uttar Pradesh,Jalaun,11687,3,11482,202,0,0,0,0,0,,
Uttar Pradesh,Jaunpur,22584,0,22349,235,0,0,0,0,0,,
Uttar Pradesh,Jhansi,36556,1,35892,663,0,0,0,0,0,,
Uttar Pradesh,Kannauj,9231,2,9115,114,0,0,0,0,0,,
Uttar Pradesh,Kanpur Dehat,6197,0,6087,110,0,0,0,0,0,,
Uttar Pradesh,Kanpur Nagar,82933,4,81024,1905,0,0,0,0,0,,
Uttar Pradesh,Kasganj,4250,0,4197,53,0,0,0,0,0,,
Uttar Pradesh,Kaushambi,4424,1,4353,70,0,0,0,0,0,,
Uttar Pradesh,Kushinagar,15617,0,15389,228,0,0,0,0,0,,
Uttar Pradesh,Lakhimpur Kheri,24410,1,24117,292,0,0,0,0,0,,
Uttar Pradesh,Lalitpur,12742,1,12613,128,0,0,0,0,0,,
Uttar Pradesh,Lucknow,238839,23,236165,2651,0,0,0,0,0,,
Uttar Pradesh,Maharajganj,12440,0,12300,140,0,0,0,0,0,,
Uttar Pradesh,Mahoba,4268,0,4182,86,0,0,0,0,0,,
Uttar Pradesh,Mainpuri,10028,0,9846,182,0,0,0,0,0,,
Uttar Pradesh,Mathura,20297,2,19893,402,0,0,0,0,0,,
Uttar Pradesh,Mau,8333,1,8252,80,0,0,0,0,0,,
Uttar Pradesh,Meerut,69480,15,68567,898,0,0,0,0,0,,
Uttar Pradesh,Mirzapur,11088,0,10972,116,0,0,0,0,0,,
Uttar Pradesh,Moradabad,39102,1,38752,349,0,0,0,0,0,,
Uttar Pradesh,Muzaffarnagar,31009,3,30737,269,0,0,0,0,0,,
Uttar Pradesh,Pilibhit,11032,1,10838,193,0,0,0,0,0,,
Uttar Pradesh,Pratapgarh,16038,0,15875,163,0,0,0,0,0,,
Uttar Pradesh,Prayagraj,78699,2,77609,1088,0,0,0,0,0,,
Uttar Pradesh,Rae Bareli,17104,0,16761,343,0,0,0,0,0,,
Uttar Pradesh,Rampur,11826,2,11676,148,0,0,0,0,0,,
Uttar Pradesh,Saharanpur,32730,1,32309,420,0,0,0,0,0,,
Uttar Pradesh,Sambhal,9438,1,9331,106,0,0,0,0,0,,
Uttar Pradesh,Sant Kabir Nagar,8159,0,8061,98,0,0,0,0,0,,
Uttar Pradesh,Shahjahanpur,20361,1,19916,444,0,0,0,0,0,,
Uttar Pradesh,Shamli,12976,0,12931,45,0,0,0,0,0,,
Uttar Pradesh,Shrawasti,4388,0,4353,35,0,0,0,0,0,,
Uttar Pradesh,Siddharthnagar,9373,0,9273,100,0,0,0,0,0,,
Uttar Pradesh,Sitapur,12398,2,12211,185,0,0,0,0,0,,
Uttar Pradesh,Sonbhadra,16807,0,16556,251,0,0,0,0,0,,
Uttar Pradesh,Sultanpur,14915,0,14777,138,0,0,0,0,0,,
Uttar Pradesh,Unnao,15011,0,14757,254,0,0,0,0,0,,
Uttar Pradesh,Varanasi,85501,2,84528,971,0,0,0,0,0,,
Uttarakhand,Almora,12190,2,11378,196,614,0,0,0,0,,
Uttarakhand,Bageshwar,5764,1,5678,60,25,0,0,0,0,,
Uttarakhand,Chamoli,12242,4,11972,62,204,0,0,0,0,,
Uttarakhand,Champawat,7603,3,7358,53,189,0,0,0,0,,
Uttarakhand,Dehradun,112363,107,108137,3521,598,0,0,0,0,,
Uttarakhand,Haridwar,51498,7,49096,1019,1376,0,0,0,0,,
Uttarakhand,Nainital,39232,14,38140,944,134,0,0,0,0,,
Uttarakhand,Pauri Garhwal,17686,2,16668,315,701,0,0,0,0,,
Uttarakhand,Pithoragarh,10260,9,9962,181,108,0,0,0,0,,
Uttarakhand,Rudraprayag,8800,0,8535,106,159,0,0,0,0,,
Uttarakhand,Tehri Garhwal,15835,0,14827,108,900,0,0,0,0,,
Uttarakhand,Udham Singh Nagar,37875,0,36315,761,799,0,0,0,0,,
Uttarakhand,Uttarkashi,12548,2,12129,74,343,0,0,0,0,,
West Bengal,Alipurduar,15589,46,15441,102,0,0,0,0,0,,
West Bengal,Bankura,36313,200,35839,274,0,0,0,0,0,,
West Bengal,Birbhum,41197,184,40727,286,0,0,0,0,0,,
West Bengal,Cooch Behar,29275,118,29060,97,0,0,0,0,0,,
West Bengal,Dakshin Dinajpur,17889,146,17573,170,0,0,0,0,0,,
West Bengal,Darjeeling,57143,278,56326,539,0,0,0,0,0,,
West Bengal,Hooghly,86300,660,84650,990,0,0,0,0,0,,
West Bengal,Howrah,98757,666,96567,1524,0,0,0,0,0,,
West Bengal,Jalpaiguri,41982,154,41256,572,0,0,0,0,0,,
West Bengal,Jhargram,12135,45,12063,27,0,0,0,0,0,,
West Bengal,Kalimpong,7036,32,6950,54,0,0,0,0,0,,
West Bengal,Kolkata,322541,2243,315146,5152,0,0,0,0,0,,
West Bengal,Malda,33406,99,33121,186,0,0,0,0,0,,
West Bengal,Murshidabad,33993,60,33605,328,0,0,0,0,0,,
West Bengal,Nadia,73333,420,72054,859,0,0,0,0,0,,
West Bengal,North 24 Parganas,329257,1327,323097,4833,0,0,0,0,0,,
West Bengal,Other State,66,0,63,3,0,0,0,0,0,,
West Bengal,Paschim Bardhaman,57778,238,57184,356,0,0,0,0,0,,
West Bengal,Paschim Medinipur,53581,254,52820,507,0,0,0,0,0,,
West Bengal,Purba Bardhaman,42005,219,41588,198,0,0,0,0,0,,
West Bengal,Purba Medinipur,63098,152,62549,397,0,0,0,0,0,,
West Bengal,Purulia,19419,23,19283,113,0,0,0,0,0,,
West Bengal,South 24 Parganas,100957,671,98950,1336,0,0,0,0,0,,
West Bengal,Uttar Dinajpur,19858,61,19559,238,0,0,0,0,0,,
Andaman and Nicobar Islands,Unknown,7599,-15,7485,129,0,0,0,0,0,,
Andhra Pradesh,Unknown,0,0,0,0,0,0,0,0,0,,
Arunachal Pradesh,Unknown,0,0,0,0,0,0,0,0,0,,
Assam,Unknown,112689,-444887,555051,1178,1347,0,0,0,0,,
Bihar,Unknown,0,0,0,0,0,0,0,0,0,,
Chandigarh,Unknown,0,0,0,0,0,0,0,0,0,,
Chhattisgarh,Unknown,0,0,0,0,0,0,0,0,0,,
Dadra and Nagar Haveli and Daman and Diu,Unknown,0,0,0,0,0,0,0,0,0,,
Delhi,Unknown,1439082,-439,1414431,25090,0,0,0,0,0,,
Goa,Unknown,171729,-3274,171831,3172,0,0,0,0,0,,
Gujarat,Unknown,0,0,0,0,0,0,0,0,0,,
Haryana,Unknown,0,0,0,0,0,0,0,0,0,,
Himachal Pradesh,Unknown,0,0,0,0,0,0,0,0,0,,
Jammu and Kashmir,Unknown,0,0,0,0,0,0,0,0,0,,
Jharkhand,Unknown,0,0,0,0,0,0,0,0,0,,
Karnataka,Unknown,0,0,0,0,0,0,0,0,0,,
Kerala,Unknown,0,0,0,0,0,0,0,0,0,,
Ladakh,Unknown,0,0,0,0,0,0,0,0,0,,
Lakshadweep,Unknown,0,-1,0,1,0,0,0,0,0,,
Madhya Pradesh,Unknown,1417,-1708,1632,1493,0,0,0,0,0,,
Maharashtra,Unknown,0,0,0,0,0,0,0,0,0,,
Manipur,Unknown,1697,-117290,118894,93,0,0,0,0,0,,
Meghalaya,Unknown,0,0,0,0,0,0,0,0,0,,
Mizoram,Unknown,0,0,0,0,0,0,0,0,0,,
Nagaland,Unknown,0,0,0,0,0,0,0,0,0,,
Odisha,Unknown,0,0,0,0,0,0,0,0,0,,
Puducherry,Unknown,0,0,0,0,0,0,0,0,0,,
Punjab,Unknown,0,0,0,0,0,0,0,0,0,,
Rajasthan,Unknown,0,0,0,0,0,0,0,0,0,,
Sikkim,Unknown,1706,-24217,25499,226,198,0,0,0,0,,
Tamil Nadu,Unknown,0,0,0,0,0,0,0,0,0,,
Telangana,Unknown,1373,-665500,662947,3926,0,0,0,0,0,,
Tripura,Unknown,0,0,0,0,0,0,0,0,0,,
Uttar Pradesh,Unknown,0,0,0,0,0,0,0,0,0,,
Uttarakhand,Unknown,0,0,0,0,0,0,0,0,0,,
West Bengal,Unknown,0,0,0,0,0,0,0,0,0,,
